"HITId","HITTypeId","Title","Description","Keywords","Reward","CreationTime","MaxAssignments","RequesterAnnotation","AssignmentDurationInSeconds","AutoApprovalDelayInSeconds","Expiration","NumberOfSimilarHITs","LifetimeInSeconds","AssignmentId","WorkerId","AssignmentStatus","AcceptTime","SubmitTime","AutoApprovalTime","ApprovalTime","RejectionTime","RequesterFeedback","WorkTimeInSeconds","LifetimeApprovalRate","Last30DaysApprovalRate","Last7DaysApprovalRate","Answer.data_requester","Answer.data_source","Answer.data_summary_willingness","Answer.endorsement_willingness","Approve","Reject"
"3ATYLI1PRT87PEM3G9CWXG760Q5OJB","3AKZZJBHGQ4ZLVJKRV2ZFVM3OA3EB0","Answer a short survey about an app to manage your 'smart' devices","Give us your opinion about our user interface for an unreleased system for managing your Internet of things devices and the data generated by them","survey, iot, data, privacy, mobile, app","$0.15","Tue Dec 12 16:36:45 PST 2017","100","BatchId:3046237;OriginalHitTemplateId:920937332;","600","259200","Sat Dec 16 16:36:45 PST 2017","","","32N49TQG3HOU1PQPDHQYOTTIXW6AVM","A10HEV2856GIQL","Approved","Tue Dec 12 16:47:59 PST 2017","Tue Dec 12 16:48:17 PST 2017","Fri Dec 15 16:48:17 PST 2017","Tue Dec 12 16:50:58 PST 2017","","","18","100% (1/1)","100% (1/1)","100% (1/1)","Google photos","Dropbox","No","No"
"3ATYLI1PRT87PEM3G9CWXG760Q5OJB","3AKZZJBHGQ4ZLVJKRV2ZFVM3OA3EB0","Answer a short survey about an app to manage your 'smart' devices","Give us your opinion about our user interface for an unreleased system for managing your Internet of things devices and the data generated by them","survey, iot, data, privacy, mobile, app","$0.15","Tue Dec 12 16:36:45 PST 2017","100","BatchId:3046237;OriginalHitTemplateId:920937332;","600","259200","Sat Dec 16 16:36:45 PST 2017","","","3AQF3RZ559O4IQSWNP4IQ2OADJVF6G","A13V13Y2DJGFT4","Approved","Tue Dec 12 17:11:37 PST 2017","Tue Dec 12 17:12:29 PST 2017","Fri Dec 15 17:12:29 PST 2017","Wed Dec 13 21:23:50 PST 2017","","","52","100% (1/1)","100% (1/1)","100% (1/1)","Google photos","Nest","Yes","Yes"
"3ATYLI1PRT87PEM3G9CWXG760Q5OJB","3AKZZJBHGQ4ZLVJKRV2ZFVM3OA3EB0","Answer a short survey about an app to manage your 'smart' devices","Give us your opinion about our user interface for an unreleased system for managing your Internet of things devices and the data generated by them","survey, iot, data, privacy, mobile, app","$0.15","Tue Dec 12 16:36:45 PST 2017","100","BatchId:3046237;OriginalHitTemplateId:920937332;","600","259200","Sat Dec 16 16:36:45 PST 2017","","","3RXPCZQMQQHFP4NUS3YJDRX56NJG1M","A14KUP0LLIWLOO","Approved","Tue Dec 12 17:42:31 PST 2017","Tue Dec 12 17:44:05 PST 2017","Fri Dec 15 17:44:05 PST 2017","Wed Dec 13 21:23:53 PST 2017","","","94","100% (1/1)","100% (1/1)","100% (1/1)","Google photos","Nest","Yes","Yes"
"3ATYLI1PRT87PEM3G9CWXG760Q5OJB","3AKZZJBHGQ4ZLVJKRV2ZFVM3OA3EB0","Answer a short survey about an app to manage your 'smart' devices","Give us your opinion about our user interface for an unreleased system for managing your Internet of things devices and the data generated by them","survey, iot, data, privacy, mobile, app","$0.15","Tue Dec 12 16:36:45 PST 2017","100","BatchId:3046237;OriginalHitTemplateId:920937332;","600","259200","Sat Dec 16 16:36:45 PST 2017","","","3D4CH1LGEBZXE9QPWGDCSXFO4ZA9GR","A15VWGGF97XK7Q","Approved","Tue Dec 12 18:11:04 PST 2017","Tue Dec 12 18:12:11 PST 2017","Fri Dec 15 18:12:11 PST 2017","Wed Dec 13 21:23:50 PST 2017","","","67","100% (1/1)","100% (1/1)","100% (1/1)","Google photos","Google Drive","Does not change my willingness to share the data","Does not change my willingness to share the data"
"3ATYLI1PRT87PEM3G9CWXG760Q5OJB","3AKZZJBHGQ4ZLVJKRV2ZFVM3OA3EB0","Answer a short survey about an app to manage your 'smart' devices","Give us your opinion about our user interface for an unreleased system for managing your Internet of things devices and the data generated by them","survey, iot, data, privacy, mobile, app","$0.15","Tue Dec 12 16:36:45 PST 2017","100","BatchId:3046237;OriginalHitTemplateId:920937332;","600","259200","Sat Dec 16 16:36:45 PST 2017","","","3OWEPKL08AIZAIJI4NSN4LXFALX7NA","A16FLTO5AMPQ28","Approved","Tue Dec 12 16:41:12 PST 2017","Tue Dec 12 16:42:54 PST 2017","Fri Dec 15 16:42:54 PST 2017","Tue Dec 12 16:50:59 PST 2017","","","102","100% (1/1)","100% (1/1)","100% (1/1)","Google photos","Nest","No","Yes"
"3ATYLI1PRT87PEM3G9CWXG760Q5OJB","3AKZZJBHGQ4ZLVJKRV2ZFVM3OA3EB0","Answer a short survey about an app to manage your 'smart' devices","Give us your opinion about our user interface for an unreleased system for managing your Internet of things devices and the data generated by them","survey, iot, data, privacy, mobile, app","$0.15","Tue Dec 12 16:36:45 PST 2017","100","BatchId:3046237;OriginalHitTemplateId:920937332;","600","259200","Sat Dec 16 16:36:45 PST 2017","","","3U8YCDAGXQM6V4WQZGZVT0IX7ID0QP","A16SAB417Y96G4","Approved","Tue Dec 12 16:37:20 PST 2017","Tue Dec 12 16:41:03 PST 2017","Fri Dec 15 16:41:03 PST 2017","Tue Dec 12 16:51:00 PST 2017","","","223","100% (1/1)","100% (1/1)","100% (1/1)","Google photos","Nest","Does not change my willingness to share the data","Does not change my willingness to share the data"
"3ATYLI1PRT87PEM3G9CWXG760Q5OJB","3AKZZJBHGQ4ZLVJKRV2ZFVM3OA3EB0","Answer a short survey about an app to manage your 'smart' devices","Give us your opinion about our user interface for an unreleased system for managing your Internet of things devices and the data generated by them","survey, iot, data, privacy, mobile, app","$0.15","Tue Dec 12 16:36:45 PST 2017","100","BatchId:3046237;OriginalHitTemplateId:920937332;","600","259200","Sat Dec 16 16:36:45 PST 2017","","","30IQTZXKALCQ41X2LUUNN8EQ4L10XN","A17LA7KM9S0SCS","Approved","Tue Dec 12 16:41:49 PST 2017","Tue Dec 12 16:42:22 PST 2017","Fri Dec 15 16:42:22 PST 2017","Tue Dec 12 16:50:58 PST 2017","","","33","100% (1/1)","100% (1/1)","100% (1/1)","Smarthome","Google Drive","Yes","Yes"
"3ATYLI1PRT87PEM3G9CWXG760Q5OJB","3AKZZJBHGQ4ZLVJKRV2ZFVM3OA3EB0","Answer a short survey about an app to manage your 'smart' devices","Give us your opinion about our user interface for an unreleased system for managing your Internet of things devices and the data generated by them","survey, iot, data, privacy, mobile, app","$0.15","Tue Dec 12 16:36:45 PST 2017","100","BatchId:3046237;OriginalHitTemplateId:920937332;","600","259200","Sat Dec 16 16:36:45 PST 2017","","","3RANCT1ZVGNZ7K6HE5GPNIB517RUBL","A1823B3S2PJMGQ","Approved","Tue Dec 12 18:09:44 PST 2017","Tue Dec 12 18:15:21 PST 2017","Fri Dec 15 18:15:21 PST 2017","Wed Dec 13 21:23:53 PST 2017","","","337","100% (1/1)","100% (1/1)","100% (1/1)","Google photos","Dropbox","Yes","Yes"
"3ATYLI1PRT87PEM3G9CWXG760Q5OJB","3AKZZJBHGQ4ZLVJKRV2ZFVM3OA3EB0","Answer a short survey about an app to manage your 'smart' devices","Give us your opinion about our user interface for an unreleased system for managing your Internet of things devices and the data generated by them","survey, iot, data, privacy, mobile, app","$0.15","Tue Dec 12 16:36:45 PST 2017","100","BatchId:3046237;OriginalHitTemplateId:920937332;","600","259200","Sat Dec 16 16:36:45 PST 2017","","","31IBVUNM9T5PXG7XOXCQ2U49UCWFVH","A18Q2TSYBDWQU1","Approved","Tue Dec 12 18:37:27 PST 2017","Tue Dec 12 18:38:09 PST 2017","Fri Dec 15 18:38:09 PST 2017","Wed Dec 13 21:23:48 PST 2017","","","42","100% (1/1)","100% (1/1)","100% (1/1)","Google photos","Nest","Does not change my willingness to share the data","Does not change my willingness to share the data"
"3ATYLI1PRT87PEM3G9CWXG760Q5OJB","3AKZZJBHGQ4ZLVJKRV2ZFVM3OA3EB0","Answer a short survey about an app to manage your 'smart' devices","Give us your opinion about our user interface for an unreleased system for managing your Internet of things devices and the data generated by them","survey, iot, data, privacy, mobile, app","$0.15","Tue Dec 12 16:36:45 PST 2017","100","BatchId:3046237;OriginalHitTemplateId:920937332;","600","259200","Sat Dec 16 16:36:45 PST 2017","","","30MVJZJNHNJ75BGQ4MYFPA74WRRJ95","A19247CJ07E317","Approved","Tue Dec 12 18:15:15 PST 2017","Tue Dec 12 18:18:14 PST 2017","Fri Dec 15 18:18:14 PST 2017","Wed Dec 13 21:23:48 PST 2017","","","179","100% (1/1)","100% (1/1)","100% (1/1)","Google photos","Nest","Does not change my willingness to share the data","No"
"3ATYLI1PRT87PEM3G9CWXG760Q5OJB","3AKZZJBHGQ4ZLVJKRV2ZFVM3OA3EB0","Answer a short survey about an app to manage your 'smart' devices","Give us your opinion about our user interface for an unreleased system for managing your Internet of things devices and the data generated by them","survey, iot, data, privacy, mobile, app","$0.15","Tue Dec 12 16:36:45 PST 2017","100","BatchId:3046237;OriginalHitTemplateId:920937332;","600","259200","Sat Dec 16 16:36:45 PST 2017","","","3OONKJ5DKDP4UFMKIJ4GOCJGJLZOBY","A19334QPYR2HHO","Approved","Tue Dec 12 17:27:21 PST 2017","Tue Dec 12 17:27:45 PST 2017","Fri Dec 15 17:27:45 PST 2017","Wed Dec 13 21:23:53 PST 2017","","","24","100% (1/1)","100% (1/1)","100% (1/1)","Google photos","Google Drive","Yes","Yes"
"3ATYLI1PRT87PEM3G9CWXG760Q5OJB","3AKZZJBHGQ4ZLVJKRV2ZFVM3OA3EB0","Answer a short survey about an app to manage your 'smart' devices","Give us your opinion about our user interface for an unreleased system for managing your Internet of things devices and the data generated by them","survey, iot, data, privacy, mobile, app","$0.15","Tue Dec 12 16:36:45 PST 2017","100","BatchId:3046237;OriginalHitTemplateId:920937332;","600","259200","Sat Dec 16 16:36:45 PST 2017","","","3SNLUL3WO5TBKTST5I5J1L7AD13UL6","A1AYVATMT88U1W","Approved","Tue Dec 12 17:49:47 PST 2017","Tue Dec 12 17:53:33 PST 2017","Fri Dec 15 17:53:33 PST 2017","Wed Dec 13 21:23:53 PST 2017","","","226","100% (1/1)","100% (1/1)","100% (1/1)","Google photos","Nest","Yes","Yes"
"3ATYLI1PRT87PEM3G9CWXG760Q5OJB","3AKZZJBHGQ4ZLVJKRV2ZFVM3OA3EB0","Answer a short survey about an app to manage your 'smart' devices","Give us your opinion about our user interface for an unreleased system for managing your Internet of things devices and the data generated by them","survey, iot, data, privacy, mobile, app","$0.15","Tue Dec 12 16:36:45 PST 2017","100","BatchId:3046237;OriginalHitTemplateId:920937332;","600","259200","Sat Dec 16 16:36:45 PST 2017","","","3634BBTX0P0KBANXPQD7N5EFMASFIC","A1B5YMVUL4HH67","Approved","Tue Dec 12 17:25:09 PST 2017","Tue Dec 12 17:25:46 PST 2017","Fri Dec 15 17:25:46 PST 2017","Wed Dec 13 21:23:49 PST 2017","","","37","100% (1/1)","100% (1/1)","100% (1/1)","Smarthome","Dropbox","Yes","No"
"3ATYLI1PRT87PEM3G9CWXG760Q5OJB","3AKZZJBHGQ4ZLVJKRV2ZFVM3OA3EB0","Answer a short survey about an app to manage your 'smart' devices","Give us your opinion about our user interface for an unreleased system for managing your Internet of things devices and the data generated by them","survey, iot, data, privacy, mobile, app","$0.15","Tue Dec 12 16:36:45 PST 2017","100","BatchId:3046237;OriginalHitTemplateId:920937332;","600","259200","Sat Dec 16 16:36:45 PST 2017","","","3EO896NRAX1QPQP42S3WGA8GQYITJ3","A1BTZRP5VVYGCC","Approved","Tue Dec 12 16:42:32 PST 2017","Tue Dec 12 16:44:16 PST 2017","Fri Dec 15 16:44:16 PST 2017","Tue Dec 12 16:50:59 PST 2017","","","104","100% (1/1)","100% (1/1)","100% (1/1)","Google photos","Dropbox","Yes","Yes"
"3ATYLI1PRT87PEM3G9CWXG760Q5OJB","3AKZZJBHGQ4ZLVJKRV2ZFVM3OA3EB0","Answer a short survey about an app to manage your 'smart' devices","Give us your opinion about our user interface for an unreleased system for managing your Internet of things devices and the data generated by them","survey, iot, data, privacy, mobile, app","$0.15","Tue Dec 12 16:36:45 PST 2017","100","BatchId:3046237;OriginalHitTemplateId:920937332;","600","259200","Sat Dec 16 16:36:45 PST 2017","","","37C0GNLMHG97K6E0WJ9S22LP16MD6A","A1BZNPQ0H7ZSER","Approved","Tue Dec 12 18:13:03 PST 2017","Tue Dec 12 18:13:31 PST 2017","Fri Dec 15 18:13:31 PST 2017","Wed Dec 13 21:23:49 PST 2017","","","28","100% (1/1)","100% (1/1)","100% (1/1)","Google photos","Nest","Yes","Does not change my willingness to share the data"
"3ATYLI1PRT87PEM3G9CWXG760Q5OJB","3AKZZJBHGQ4ZLVJKRV2ZFVM3OA3EB0","Answer a short survey about an app to manage your 'smart' devices","Give us your opinion about our user interface for an unreleased system for managing your Internet of things devices and the data generated by them","survey, iot, data, privacy, mobile, app","$0.15","Tue Dec 12 16:36:45 PST 2017","100","BatchId:3046237;OriginalHitTemplateId:920937332;","600","259200","Sat Dec 16 16:36:45 PST 2017","","","37Q970SNZFEIF9WLN3S025G8UYH1SV","A1CE2XPYCDRHVZ","Approved","Tue Dec 12 18:17:33 PST 2017","Tue Dec 12 18:20:11 PST 2017","Fri Dec 15 18:20:11 PST 2017","Wed Dec 13 21:23:49 PST 2017","","","158","100% (1/1)","100% (1/1)","100% (1/1)","Google photos","Nest","Does not change my willingness to share the data","Does not change my willingness to share the data"
"3ATYLI1PRT87PEM3G9CWXG760Q5OJB","3AKZZJBHGQ4ZLVJKRV2ZFVM3OA3EB0","Answer a short survey about an app to manage your 'smart' devices","Give us your opinion about our user interface for an unreleased system for managing your Internet of things devices and the data generated by them","survey, iot, data, privacy, mobile, app","$0.15","Tue Dec 12 16:36:45 PST 2017","100","BatchId:3046237;OriginalHitTemplateId:920937332;","600","259200","Sat Dec 16 16:36:45 PST 2017","","","3HL8HNGX467R09UULW7UACFC3K49FM","A1CLVGLQPSHDF","Approved","Tue Dec 12 17:16:50 PST 2017","Tue Dec 12 17:17:47 PST 2017","Fri Dec 15 17:17:47 PST 2017","Wed Dec 13 21:23:51 PST 2017","","","57","100% (1/1)","100% (1/1)","100% (1/1)","Google photos","Nest","No","No"
"3ATYLI1PRT87PEM3G9CWXG760Q5OJB","3AKZZJBHGQ4ZLVJKRV2ZFVM3OA3EB0","Answer a short survey about an app to manage your 'smart' devices","Give us your opinion about our user interface for an unreleased system for managing your Internet of things devices and the data generated by them","survey, iot, data, privacy, mobile, app","$0.15","Tue Dec 12 16:36:45 PST 2017","100","BatchId:3046237;OriginalHitTemplateId:920937332;","600","259200","Sat Dec 16 16:36:45 PST 2017","","","3M81GAB8A1P7FRZ0XWWKDHEGYMEQB5","A1CSJFRAS32VFJ","Approved","Tue Dec 12 17:08:00 PST 2017","Tue Dec 12 17:08:38 PST 2017","Fri Dec 15 17:08:38 PST 2017","Wed Dec 13 21:23:52 PST 2017","","","38","100% (1/1)","100% (1/1)","100% (1/1)","Google photos","Nest","No","No"
"3ATYLI1PRT87PEM3G9CWXG760Q5OJB","3AKZZJBHGQ4ZLVJKRV2ZFVM3OA3EB0","Answer a short survey about an app to manage your 'smart' devices","Give us your opinion about our user interface for an unreleased system for managing your Internet of things devices and the data generated by them","survey, iot, data, privacy, mobile, app","$0.15","Tue Dec 12 16:36:45 PST 2017","100","BatchId:3046237;OriginalHitTemplateId:920937332;","600","259200","Sat Dec 16 16:36:45 PST 2017","","","3N2BF7Y2VR0QLP4U5VZZIJX9JYVMH3","A1DWTWQBTQLI6I","Approved","Tue Dec 12 18:23:42 PST 2017","Tue Dec 12 18:24:46 PST 2017","Fri Dec 15 18:24:46 PST 2017","Wed Dec 13 21:23:52 PST 2017","","","64","100% (1/1)","100% (1/1)","100% (1/1)","Google photos","Nest","Yes","Yes"
"3ATYLI1PRT87PEM3G9CWXG760Q5OJB","3AKZZJBHGQ4ZLVJKRV2ZFVM3OA3EB0","Answer a short survey about an app to manage your 'smart' devices","Give us your opinion about our user interface for an unreleased system for managing your Internet of things devices and the data generated by them","survey, iot, data, privacy, mobile, app","$0.15","Tue Dec 12 16:36:45 PST 2017","100","BatchId:3046237;OriginalHitTemplateId:920937332;","600","259200","Sat Dec 16 16:36:45 PST 2017","","","3NS0A6KXC5ECK0820E7B5LHHJ2WZGU","A1EN9IMH5K6QQ6","Approved","Tue Dec 12 17:49:02 PST 2017","Tue Dec 12 17:52:08 PST 2017","Fri Dec 15 17:52:08 PST 2017","Wed Dec 13 21:23:52 PST 2017","","","186","100% (1/1)","100% (1/1)","100% (1/1)","Google photos","Google Drive","Yes","Yes"
"3ATYLI1PRT87PEM3G9CWXG760Q5OJB","3AKZZJBHGQ4ZLVJKRV2ZFVM3OA3EB0","Answer a short survey about an app to manage your 'smart' devices","Give us your opinion about our user interface for an unreleased system for managing your Internet of things devices and the data generated by them","survey, iot, data, privacy, mobile, app","$0.15","Tue Dec 12 16:36:45 PST 2017","100","BatchId:3046237;OriginalHitTemplateId:920937332;","600","259200","Sat Dec 16 16:36:45 PST 2017","","","3COPXFW7XCIN8I2F3WUOCF7WGK3KPU","A1GIH4IOKEK12L","Approved","Tue Dec 12 17:17:15 PST 2017","Tue Dec 12 17:17:53 PST 2017","Fri Dec 15 17:17:53 PST 2017","Wed Dec 13 21:23:50 PST 2017","","","38","100% (1/1)","100% (1/1)","100% (1/1)","Google photos","Dropbox","Yes","No"
"3ATYLI1PRT87PEM3G9CWXG760Q5OJB","3AKZZJBHGQ4ZLVJKRV2ZFVM3OA3EB0","Answer a short survey about an app to manage your 'smart' devices","Give us your opinion about our user interface for an unreleased system for managing your Internet of things devices and the data generated by them","survey, iot, data, privacy, mobile, app","$0.15","Tue Dec 12 16:36:45 PST 2017","100","BatchId:3046237;OriginalHitTemplateId:920937332;","600","259200","Sat Dec 16 16:36:45 PST 2017","","","3FFJ6VRIL2UTE687M8UMKYRBG8X0IN","A1KWFRKBCLPQXZ","Approved","Tue Dec 12 16:41:02 PST 2017","Tue Dec 12 16:41:32 PST 2017","Fri Dec 15 16:41:32 PST 2017","Tue Dec 12 16:50:59 PST 2017","","","30","100% (1/1)","100% (1/1)","100% (1/1)","Google photos","Nest","No","No"
"3ATYLI1PRT87PEM3G9CWXG760Q5OJB","3AKZZJBHGQ4ZLVJKRV2ZFVM3OA3EB0","Answer a short survey about an app to manage your 'smart' devices","Give us your opinion about our user interface for an unreleased system for managing your Internet of things devices and the data generated by them","survey, iot, data, privacy, mobile, app","$0.15","Tue Dec 12 16:36:45 PST 2017","100","BatchId:3046237;OriginalHitTemplateId:920937332;","600","259200","Sat Dec 16 16:36:45 PST 2017","","","31JLPPHS2V0ZRKI73QPA6TL4VTMO37","A1OMOGIBA6J3OJ","Approved","Tue Dec 12 17:26:49 PST 2017","Tue Dec 12 17:27:33 PST 2017","Fri Dec 15 17:27:33 PST 2017","Wed Dec 13 21:23:48 PST 2017","","","44","100% (1/1)","100% (1/1)","100% (1/1)","Google photos","Nest","Yes","Does not change my willingness to share the data"
"3ATYLI1PRT87PEM3G9CWXG760Q5OJB","3AKZZJBHGQ4ZLVJKRV2ZFVM3OA3EB0","Answer a short survey about an app to manage your 'smart' devices","Give us your opinion about our user interface for an unreleased system for managing your Internet of things devices and the data generated by them","survey, iot, data, privacy, mobile, app","$0.15","Tue Dec 12 16:36:45 PST 2017","100","BatchId:3046237;OriginalHitTemplateId:920937332;","600","259200","Sat Dec 16 16:36:45 PST 2017","","","3WJ1OXY92BMWQDUC5OFOWF9AMY3A8F","A1SAPSGG5N2G70","Approved","Tue Dec 12 16:39:14 PST 2017","Tue Dec 12 16:39:50 PST 2017","Fri Dec 15 16:39:50 PST 2017","Tue Dec 12 16:51:00 PST 2017","","","36","100% (1/1)","100% (1/1)","100% (1/1)","Google photos","Nest","No","Yes"
"3ATYLI1PRT87PEM3G9CWXG760Q5OJB","3AKZZJBHGQ4ZLVJKRV2ZFVM3OA3EB0","Answer a short survey about an app to manage your 'smart' devices","Give us your opinion about our user interface for an unreleased system for managing your Internet of things devices and the data generated by them","survey, iot, data, privacy, mobile, app","$0.15","Tue Dec 12 16:36:45 PST 2017","100","BatchId:3046237;OriginalHitTemplateId:920937332;","600","259200","Sat Dec 16 16:36:45 PST 2017","","","3P529IW9KZRM1BV3ATAKFL673ENFLR","A1V2C5IAJ6EJV8","Approved","Tue Dec 12 17:33:30 PST 2017","Tue Dec 12 17:37:02 PST 2017","Fri Dec 15 17:37:02 PST 2017","Wed Dec 13 21:23:53 PST 2017","","","212","100% (1/1)","100% (1/1)","100% (1/1)","Google photos","Google Drive","Yes","No"
"3ATYLI1PRT87PEM3G9CWXG760Q5OJB","3AKZZJBHGQ4ZLVJKRV2ZFVM3OA3EB0","Answer a short survey about an app to manage your 'smart' devices","Give us your opinion about our user interface for an unreleased system for managing your Internet of things devices and the data generated by them","survey, iot, data, privacy, mobile, app","$0.15","Tue Dec 12 16:36:45 PST 2017","100","BatchId:3046237;OriginalHitTemplateId:920937332;","600","259200","Sat Dec 16 16:36:45 PST 2017","","","3J88R45B2H4TSI1M2F9D29FYCTHPXN","A1VAGO1PMX7DS3","Approved","Tue Dec 12 17:12:07 PST 2017","Tue Dec 12 17:14:29 PST 2017","Fri Dec 15 17:14:29 PST 2017","Wed Dec 13 21:23:51 PST 2017","","","142","100% (1/1)","100% (1/1)","100% (1/1)","Google photos","Google Drive","Yes","Yes"
"3ATYLI1PRT87PEM3G9CWXG760Q5OJB","3AKZZJBHGQ4ZLVJKRV2ZFVM3OA3EB0","Answer a short survey about an app to manage your 'smart' devices","Give us your opinion about our user interface for an unreleased system for managing your Internet of things devices and the data generated by them","survey, iot, data, privacy, mobile, app","$0.15","Tue Dec 12 16:36:45 PST 2017","100","BatchId:3046237;OriginalHitTemplateId:920937332;","600","259200","Sat Dec 16 16:36:45 PST 2017","","","36TFCYNS45G1F13YJ218T0D7Q2CXHV","A1XE81PDQ4YPE","Approved","Tue Dec 12 18:00:54 PST 2017","Tue Dec 12 18:02:37 PST 2017","Fri Dec 15 18:02:37 PST 2017","Wed Dec 13 21:23:49 PST 2017","","","103","100% (1/1)","100% (1/1)","100% (1/1)","Google photos","Dropbox","No","Does not change my willingness to share the data"
"3ATYLI1PRT87PEM3G9CWXG760Q5OJB","3AKZZJBHGQ4ZLVJKRV2ZFVM3OA3EB0","Answer a short survey about an app to manage your 'smart' devices","Give us your opinion about our user interface for an unreleased system for managing your Internet of things devices and the data generated by them","survey, iot, data, privacy, mobile, app","$0.15","Tue Dec 12 16:36:45 PST 2017","100","BatchId:3046237;OriginalHitTemplateId:920937332;","600","259200","Sat Dec 16 16:36:45 PST 2017","","","3RXPCZQMQQHFP4NUS3YJDRX56NBG1E","A1Y2N49VMVJ7C6","Approved","Tue Dec 12 16:42:44 PST 2017","Tue Dec 12 16:43:03 PST 2017","Fri Dec 15 16:43:03 PST 2017","Tue Dec 12 16:51:00 PST 2017","","","19","100% (1/1)","100% (1/1)","100% (1/1)","Google photos","Google Drive","Yes","Yes"
"3ATYLI1PRT87PEM3G9CWXG760Q5OJB","3AKZZJBHGQ4ZLVJKRV2ZFVM3OA3EB0","Answer a short survey about an app to manage your 'smart' devices","Give us your opinion about our user interface for an unreleased system for managing your Internet of things devices and the data generated by them","survey, iot, data, privacy, mobile, app","$0.15","Tue Dec 12 16:36:45 PST 2017","100","BatchId:3046237;OriginalHitTemplateId:920937332;","600","259200","Sat Dec 16 16:36:45 PST 2017","","","39L1G8WVWRXEVSB6XORZUX8W2IE13Z","A1YBUA89N9CV2N","Approved","Tue Dec 12 17:39:11 PST 2017","Tue Dec 12 17:40:08 PST 2017","Fri Dec 15 17:40:08 PST 2017","Wed Dec 13 21:23:50 PST 2017","","","57","100% (1/1)","100% (1/1)","100% (1/1)","Google photos","Nest","Does not change my willingness to share the data","Does not change my willingness to share the data"
"3ATYLI1PRT87PEM3G9CWXG760Q5OJB","3AKZZJBHGQ4ZLVJKRV2ZFVM3OA3EB0","Answer a short survey about an app to manage your 'smart' devices","Give us your opinion about our user interface for an unreleased system for managing your Internet of things devices and the data generated by them","survey, iot, data, privacy, mobile, app","$0.15","Tue Dec 12 16:36:45 PST 2017","100","BatchId:3046237;OriginalHitTemplateId:920937332;","600","259200","Sat Dec 16 16:36:45 PST 2017","","","3VFJCI1K4053I9MBQXDYJIFIAL5GRA","A20JCXHFEJTEMS","Approved","Tue Dec 12 16:43:54 PST 2017","Tue Dec 12 16:45:03 PST 2017","Fri Dec 15 16:45:03 PST 2017","Tue Dec 12 16:51:00 PST 2017","","","69","100% (1/1)","100% (1/1)","100% (1/1)","Google photos","Nest","Does not change my willingness to share the data","Yes"
"3ATYLI1PRT87PEM3G9CWXG760Q5OJB","3AKZZJBHGQ4ZLVJKRV2ZFVM3OA3EB0","Answer a short survey about an app to manage your 'smart' devices","Give us your opinion about our user interface for an unreleased system for managing your Internet of things devices and the data generated by them","survey, iot, data, privacy, mobile, app","$0.15","Tue Dec 12 16:36:45 PST 2017","100","BatchId:3046237;OriginalHitTemplateId:920937332;","600","259200","Sat Dec 16 16:36:45 PST 2017","","","3KV0LJBBH3R3AJIX10BTWNZF67GMRN","A20SMUCY0FQA7Z","Approved","Tue Dec 12 16:39:58 PST 2017","Tue Dec 12 16:40:39 PST 2017","Fri Dec 15 16:40:39 PST 2017","Tue Dec 12 16:50:59 PST 2017","","","41","100% (1/1)","100% (1/1)","100% (1/1)","Google photos","Dropbox","Yes","Yes"
"3ATYLI1PRT87PEM3G9CWXG760Q5OJB","3AKZZJBHGQ4ZLVJKRV2ZFVM3OA3EB0","Answer a short survey about an app to manage your 'smart' devices","Give us your opinion about our user interface for an unreleased system for managing your Internet of things devices and the data generated by them","survey, iot, data, privacy, mobile, app","$0.15","Tue Dec 12 16:36:45 PST 2017","100","BatchId:3046237;OriginalHitTemplateId:920937332;","600","259200","Sat Dec 16 16:36:45 PST 2017","","","3JBT3HLQF98IXD113XXYZUV9KTCZPR","A20URTQLCYJS7A","Approved","Tue Dec 12 16:52:12 PST 2017","Tue Dec 12 16:52:41 PST 2017","Fri Dec 15 16:52:41 PST 2017","Wed Dec 13 21:23:51 PST 2017","","","29","100% (1/1)","100% (1/1)","100% (1/1)","Google photos","Nest","Does not change my willingness to share the data","Yes"
"3ATYLI1PRT87PEM3G9CWXG760Q5OJB","3AKZZJBHGQ4ZLVJKRV2ZFVM3OA3EB0","Answer a short survey about an app to manage your 'smart' devices","Give us your opinion about our user interface for an unreleased system for managing your Internet of things devices and the data generated by them","survey, iot, data, privacy, mobile, app","$0.15","Tue Dec 12 16:36:45 PST 2017","100","BatchId:3046237;OriginalHitTemplateId:920937332;","600","259200","Sat Dec 16 16:36:45 PST 2017","","","34Q075JO1YJIE0C9E19GSZAPZ6L10V","A21G010TCSMZZ8","Approved","Tue Dec 12 16:37:54 PST 2017","Tue Dec 12 16:39:56 PST 2017","Fri Dec 15 16:39:56 PST 2017","Tue Dec 12 16:50:58 PST 2017","","","122","100% (1/1)","100% (1/1)","100% (1/1)","Google photos","Nest","Yes","Yes"
"3ATYLI1PRT87PEM3G9CWXG760Q5OJB","3AKZZJBHGQ4ZLVJKRV2ZFVM3OA3EB0","Answer a short survey about an app to manage your 'smart' devices","Give us your opinion about our user interface for an unreleased system for managing your Internet of things devices and the data generated by them","survey, iot, data, privacy, mobile, app","$0.15","Tue Dec 12 16:36:45 PST 2017","100","BatchId:3046237;OriginalHitTemplateId:920937332;","600","259200","Sat Dec 16 16:36:45 PST 2017","","","3X66WABAJXOBZ719F7C21KC247R3GV","A22QD6M0A2C77C","Approved","Tue Dec 12 16:54:54 PST 2017","Tue Dec 12 16:55:47 PST 2017","Fri Dec 15 16:55:47 PST 2017","Wed Dec 13 21:23:54 PST 2017","","","53","100% (1/1)","100% (1/1)","100% (1/1)","Google photos","Nest","Yes","Yes"
"3ATYLI1PRT87PEM3G9CWXG760Q5OJB","3AKZZJBHGQ4ZLVJKRV2ZFVM3OA3EB0","Answer a short survey about an app to manage your 'smart' devices","Give us your opinion about our user interface for an unreleased system for managing your Internet of things devices and the data generated by them","survey, iot, data, privacy, mobile, app","$0.15","Tue Dec 12 16:36:45 PST 2017","100","BatchId:3046237;OriginalHitTemplateId:920937332;","600","259200","Sat Dec 16 16:36:45 PST 2017","","","3XIQGXAUMDE4MCXM6TFW2NODCZ8X7L","A24NDC7JH9LEM1","Approved","Tue Dec 12 16:52:18 PST 2017","Tue Dec 12 16:53:56 PST 2017","Fri Dec 15 16:53:56 PST 2017","Wed Dec 13 21:23:54 PST 2017","","","98","100% (1/1)","100% (1/1)","100% (1/1)","Google photos","Nest","Yes","Yes"
"3ATYLI1PRT87PEM3G9CWXG760Q5OJB","3AKZZJBHGQ4ZLVJKRV2ZFVM3OA3EB0","Answer a short survey about an app to manage your 'smart' devices","Give us your opinion about our user interface for an unreleased system for managing your Internet of things devices and the data generated by them","survey, iot, data, privacy, mobile, app","$0.15","Tue Dec 12 16:36:45 PST 2017","100","BatchId:3046237;OriginalHitTemplateId:920937332;","600","259200","Sat Dec 16 16:36:45 PST 2017","","","36ZN444YTS4EHN0QOTWXAZNTEBEOI2","A29RDI7JZAYQ8I","Approved","Tue Dec 12 16:50:42 PST 2017","Tue Dec 12 16:51:43 PST 2017","Fri Dec 15 16:51:43 PST 2017","Wed Dec 13 21:23:49 PST 2017","","","61","100% (1/1)","100% (1/1)","100% (1/1)","Google photos","Nest","No","No"
"3ATYLI1PRT87PEM3G9CWXG760Q5OJB","3AKZZJBHGQ4ZLVJKRV2ZFVM3OA3EB0","Answer a short survey about an app to manage your 'smart' devices","Give us your opinion about our user interface for an unreleased system for managing your Internet of things devices and the data generated by them","survey, iot, data, privacy, mobile, app","$0.15","Tue Dec 12 16:36:45 PST 2017","100","BatchId:3046237;OriginalHitTemplateId:920937332;","600","259200","Sat Dec 16 16:36:45 PST 2017","","","3Q8GYXHFEQ81WA88R44CQQP7KBW5CJ","A2AKSBE0291HY8","Approved","Tue Dec 12 17:42:26 PST 2017","Tue Dec 12 17:43:06 PST 2017","Fri Dec 15 17:43:06 PST 2017","Wed Dec 13 21:23:53 PST 2017","","","40","100% (1/1)","100% (1/1)","100% (1/1)","Google photos","Nest","Does not change my willingness to share the data","Yes"
"3ATYLI1PRT87PEM3G9CWXG760Q5OJB","3AKZZJBHGQ4ZLVJKRV2ZFVM3OA3EB0","Answer a short survey about an app to manage your 'smart' devices","Give us your opinion about our user interface for an unreleased system for managing your Internet of things devices and the data generated by them","survey, iot, data, privacy, mobile, app","$0.15","Tue Dec 12 16:36:45 PST 2017","100","BatchId:3046237;OriginalHitTemplateId:920937332;","600","259200","Sat Dec 16 16:36:45 PST 2017","","","3YW4XOSQKRRYUMOPC8N0H6YWFVP1UY","A2APVPVSZRKPEG","Approved","Tue Dec 12 16:39:14 PST 2017","Tue Dec 12 16:40:15 PST 2017","Fri Dec 15 16:40:15 PST 2017","Tue Dec 12 16:51:00 PST 2017","","","61","100% (1/1)","100% (1/1)","100% (1/1)","Google photos","Nest","No","No"
"3ATYLI1PRT87PEM3G9CWXG760Q5OJB","3AKZZJBHGQ4ZLVJKRV2ZFVM3OA3EB0","Answer a short survey about an app to manage your 'smart' devices","Give us your opinion about our user interface for an unreleased system for managing your Internet of things devices and the data generated by them","survey, iot, data, privacy, mobile, app","$0.15","Tue Dec 12 16:36:45 PST 2017","100","BatchId:3046237;OriginalHitTemplateId:920937332;","600","259200","Sat Dec 16 16:36:45 PST 2017","","","3PPTZCWALRQ3XP2G3ACNZZLJPPBZQV","A2AUDQQQALH4Q8","Approved","Tue Dec 12 18:45:10 PST 2017","Tue Dec 12 18:45:43 PST 2017","Fri Dec 15 18:45:43 PST 2017","Wed Dec 13 21:23:53 PST 2017","","","33","100% (1/1)","100% (1/1)","100% (1/1)","Google photos","Nest","Yes","No"
"3ATYLI1PRT87PEM3G9CWXG760Q5OJB","3AKZZJBHGQ4ZLVJKRV2ZFVM3OA3EB0","Answer a short survey about an app to manage your 'smart' devices","Give us your opinion about our user interface for an unreleased system for managing your Internet of things devices and the data generated by them","survey, iot, data, privacy, mobile, app","$0.15","Tue Dec 12 16:36:45 PST 2017","100","BatchId:3046237;OriginalHitTemplateId:920937332;","600","259200","Sat Dec 16 16:36:45 PST 2017","","","3L4D84MIL0Y0KHY92YM72R5SF4VJHR","A2DW47AFPJWXAM","Approved","Tue Dec 12 17:29:00 PST 2017","Tue Dec 12 17:30:05 PST 2017","Fri Dec 15 17:30:05 PST 2017","Wed Dec 13 21:23:52 PST 2017","","","65","100% (1/1)","100% (1/1)","100% (1/1)","Nest","Nest","Yes","Yes"
"3ATYLI1PRT87PEM3G9CWXG760Q5OJB","3AKZZJBHGQ4ZLVJKRV2ZFVM3OA3EB0","Answer a short survey about an app to manage your 'smart' devices","Give us your opinion about our user interface for an unreleased system for managing your Internet of things devices and the data generated by them","survey, iot, data, privacy, mobile, app","$0.15","Tue Dec 12 16:36:45 PST 2017","100","BatchId:3046237;OriginalHitTemplateId:920937332;","600","259200","Sat Dec 16 16:36:45 PST 2017","","","3RJSC4XJ110H2IDSFOBSVPN6BMS05E","A2GF7PYHT21U3X","Approved","Tue Dec 12 16:47:42 PST 2017","Tue Dec 12 16:48:01 PST 2017","Fri Dec 15 16:48:01 PST 2017","Tue Dec 12 16:50:59 PST 2017","","","19","100% (1/1)","100% (1/1)","100% (1/1)","Smarthome","Google Drive","Yes","No"
"3ATYLI1PRT87PEM3G9CWXG760Q5OJB","3AKZZJBHGQ4ZLVJKRV2ZFVM3OA3EB0","Answer a short survey about an app to manage your 'smart' devices","Give us your opinion about our user interface for an unreleased system for managing your Internet of things devices and the data generated by them","survey, iot, data, privacy, mobile, app","$0.15","Tue Dec 12 16:36:45 PST 2017","100","BatchId:3046237;OriginalHitTemplateId:920937332;","600","259200","Sat Dec 16 16:36:45 PST 2017","","","33LKR6A5KFQJU990C3XQCACUWHOT15","A2KBTDHM44J7X4","Approved","Tue Dec 12 17:19:59 PST 2017","Tue Dec 12 17:20:56 PST 2017","Fri Dec 15 17:20:56 PST 2017","Wed Dec 13 21:23:48 PST 2017","","","57","100% (1/1)","100% (1/1)","100% (1/1)","Google photos","Google Drive","Does not change my willingness to share the data","Does not change my willingness to share the data"
"3ATYLI1PRT87PEM3G9CWXG760Q5OJB","3AKZZJBHGQ4ZLVJKRV2ZFVM3OA3EB0","Answer a short survey about an app to manage your 'smart' devices","Give us your opinion about our user interface for an unreleased system for managing your Internet of things devices and the data generated by them","survey, iot, data, privacy, mobile, app","$0.15","Tue Dec 12 16:36:45 PST 2017","100","BatchId:3046237;OriginalHitTemplateId:920937332;","600","259200","Sat Dec 16 16:36:45 PST 2017","","","3ZY8KE4ISK9MO5X62DNKET8N1E2QVJ","A2KZVP4SEEUJYL","Approved","Tue Dec 12 18:15:22 PST 2017","Tue Dec 12 18:18:54 PST 2017","Fri Dec 15 18:18:54 PST 2017","Wed Dec 13 21:23:55 PST 2017","","","212","100% (1/1)","100% (1/1)","100% (1/1)","Google photos","Nest","No","No"
"3ATYLI1PRT87PEM3G9CWXG760Q5OJB","3AKZZJBHGQ4ZLVJKRV2ZFVM3OA3EB0","Answer a short survey about an app to manage your 'smart' devices","Give us your opinion about our user interface for an unreleased system for managing your Internet of things devices and the data generated by them","survey, iot, data, privacy, mobile, app","$0.15","Tue Dec 12 16:36:45 PST 2017","100","BatchId:3046237;OriginalHitTemplateId:920937332;","600","259200","Sat Dec 16 16:36:45 PST 2017","","","3YMU66OBIOEQTF88US145EDCNC6HGD","A2M3LVBUZLN8MO","Approved","Tue Dec 12 16:39:44 PST 2017","Tue Dec 12 16:43:46 PST 2017","Fri Dec 15 16:43:46 PST 2017","Tue Dec 12 16:51:00 PST 2017","","","242","100% (1/1)","100% (1/1)","100% (1/1)","Google photos","Google Drive","Does not change my willingness to share the data","Does not change my willingness to share the data"
"3ATYLI1PRT87PEM3G9CWXG760Q5OJB","3AKZZJBHGQ4ZLVJKRV2ZFVM3OA3EB0","Answer a short survey about an app to manage your 'smart' devices","Give us your opinion about our user interface for an unreleased system for managing your Internet of things devices and the data generated by them","survey, iot, data, privacy, mobile, app","$0.15","Tue Dec 12 16:36:45 PST 2017","100","BatchId:3046237;OriginalHitTemplateId:920937332;","600","259200","Sat Dec 16 16:36:45 PST 2017","","","3U4J9857OFHX99UL1XNEDQXLTWIB7O","A2M5YIOR0MJUSA","Approved","Tue Dec 12 16:39:54 PST 2017","Tue Dec 12 16:40:23 PST 2017","Fri Dec 15 16:40:23 PST 2017","Tue Dec 12 16:51:00 PST 2017","","","29","100% (1/1)","100% (1/1)","100% (1/1)","Google photos","Google Drive","Yes","No"
"3ATYLI1PRT87PEM3G9CWXG760Q5OJB","3AKZZJBHGQ4ZLVJKRV2ZFVM3OA3EB0","Answer a short survey about an app to manage your 'smart' devices","Give us your opinion about our user interface for an unreleased system for managing your Internet of things devices and the data generated by them","survey, iot, data, privacy, mobile, app","$0.15","Tue Dec 12 16:36:45 PST 2017","100","BatchId:3046237;OriginalHitTemplateId:920937332;","600","259200","Sat Dec 16 16:36:45 PST 2017","","","3WYGZ5XF3XLKLAI7VDYI7KC734GKSG","A2P4XO56QBO5JS","Approved","Tue Dec 12 18:13:44 PST 2017","Tue Dec 12 18:15:33 PST 2017","Fri Dec 15 18:15:33 PST 2017","Wed Dec 13 21:23:54 PST 2017","","","109","100% (1/1)","100% (1/1)","100% (1/1)","Google photos","Nest","No","No"
"3ATYLI1PRT87PEM3G9CWXG760Q5OJB","3AKZZJBHGQ4ZLVJKRV2ZFVM3OA3EB0","Answer a short survey about an app to manage your 'smart' devices","Give us your opinion about our user interface for an unreleased system for managing your Internet of things devices and the data generated by them","survey, iot, data, privacy, mobile, app","$0.15","Tue Dec 12 16:36:45 PST 2017","100","BatchId:3046237;OriginalHitTemplateId:920937332;","600","259200","Sat Dec 16 16:36:45 PST 2017","","","3YDGXNSEO00HOOEVWN5XJCNAUOG84B","A2V6W655RENYIE","Approved","Tue Dec 12 17:42:43 PST 2017","Tue Dec 12 17:43:31 PST 2017","Fri Dec 15 17:43:31 PST 2017","Wed Dec 13 21:23:54 PST 2017","","","48","100% (1/1)","100% (1/1)","100% (1/1)","Google photos","Nest","No","Does not change my willingness to share the data"
"3ATYLI1PRT87PEM3G9CWXG760Q5OJB","3AKZZJBHGQ4ZLVJKRV2ZFVM3OA3EB0","Answer a short survey about an app to manage your 'smart' devices","Give us your opinion about our user interface for an unreleased system for managing your Internet of things devices and the data generated by them","survey, iot, data, privacy, mobile, app","$0.15","Tue Dec 12 16:36:45 PST 2017","100","BatchId:3046237;OriginalHitTemplateId:920937332;","600","259200","Sat Dec 16 16:36:45 PST 2017","","","31EUONYN2W9J3TKQN0VGPODNMDNOVC","A2X3WNRH7FO4F5","Approved","Tue Dec 12 18:41:41 PST 2017","Tue Dec 12 18:42:59 PST 2017","Fri Dec 15 18:42:59 PST 2017","Wed Dec 13 21:23:48 PST 2017","","","78","100% (1/1)","100% (1/1)","100% (1/1)","Google photos","Nest","Does not change my willingness to share the data","Does not change my willingness to share the data"
"3ATYLI1PRT87PEM3G9CWXG760Q5OJB","3AKZZJBHGQ4ZLVJKRV2ZFVM3OA3EB0","Answer a short survey about an app to manage your 'smart' devices","Give us your opinion about our user interface for an unreleased system for managing your Internet of things devices and the data generated by them","survey, iot, data, privacy, mobile, app","$0.15","Tue Dec 12 16:36:45 PST 2017","100","BatchId:3046237;OriginalHitTemplateId:920937332;","600","259200","Sat Dec 16 16:36:45 PST 2017","","","3J4Q2Z4UTZ9Z3UXBSNSG0VR18N1QWQ","A30BM2XZJR61S1","Approved","Tue Dec 12 17:46:45 PST 2017","Tue Dec 12 17:47:43 PST 2017","Fri Dec 15 17:47:43 PST 2017","Wed Dec 13 21:23:51 PST 2017","","","58","100% (1/1)","100% (1/1)","100% (1/1)","Google photos","Google Drive","Does not change my willingness to share the data","Does not change my willingness to share the data"
"3ATYLI1PRT87PEM3G9CWXG760Q5OJB","3AKZZJBHGQ4ZLVJKRV2ZFVM3OA3EB0","Answer a short survey about an app to manage your 'smart' devices","Give us your opinion about our user interface for an unreleased system for managing your Internet of things devices and the data generated by them","survey, iot, data, privacy, mobile, app","$0.15","Tue Dec 12 16:36:45 PST 2017","100","BatchId:3046237;OriginalHitTemplateId:920937332;","600","259200","Sat Dec 16 16:36:45 PST 2017","","","3VAR3R6G1Q7LSHODF7K6XATFBFAO8V","A30NX5HEQGGFPP","Approved","Tue Dec 12 16:59:53 PST 2017","Tue Dec 12 17:01:07 PST 2017","Fri Dec 15 17:01:07 PST 2017","Wed Dec 13 21:23:54 PST 2017","","","74","100% (1/1)","100% (1/1)","100% (1/1)","Google photos","Nest","No","No"
"3ATYLI1PRT87PEM3G9CWXG760Q5OJB","3AKZZJBHGQ4ZLVJKRV2ZFVM3OA3EB0","Answer a short survey about an app to manage your 'smart' devices","Give us your opinion about our user interface for an unreleased system for managing your Internet of things devices and the data generated by them","survey, iot, data, privacy, mobile, app","$0.15","Tue Dec 12 16:36:45 PST 2017","100","BatchId:3046237;OriginalHitTemplateId:920937332;","600","259200","Sat Dec 16 16:36:45 PST 2017","","","32SCWG5HIIAG93HQ1S0N2W2EFPF6P7","A311VRCICCHRAG","Approved","Tue Dec 12 16:49:53 PST 2017","Tue Dec 12 16:50:13 PST 2017","Fri Dec 15 16:50:13 PST 2017","Wed Dec 13 21:23:48 PST 2017","","","20","100% (1/1)","100% (1/1)","100% (1/1)","Google photos","Nest","Yes","Yes"
"3ATYLI1PRT87PEM3G9CWXG760Q5OJB","3AKZZJBHGQ4ZLVJKRV2ZFVM3OA3EB0","Answer a short survey about an app to manage your 'smart' devices","Give us your opinion about our user interface for an unreleased system for managing your Internet of things devices and the data generated by them","survey, iot, data, privacy, mobile, app","$0.15","Tue Dec 12 16:36:45 PST 2017","100","BatchId:3046237;OriginalHitTemplateId:920937332;","600","259200","Sat Dec 16 16:36:45 PST 2017","","","3PXX5PX6LY4FSBSJ80ZYNHZBU4XABN","A32Y9JC775LYLV","Approved","Tue Dec 12 17:41:40 PST 2017","Tue Dec 12 17:42:09 PST 2017","Fri Dec 15 17:42:09 PST 2017","Wed Dec 13 21:23:53 PST 2017","","","29","100% (1/1)","100% (1/1)","100% (1/1)","Smarthome","Google Drive","Yes","Yes"
"3ATYLI1PRT87PEM3G9CWXG760Q5OJB","3AKZZJBHGQ4ZLVJKRV2ZFVM3OA3EB0","Answer a short survey about an app to manage your 'smart' devices","Give us your opinion about our user interface for an unreleased system for managing your Internet of things devices and the data generated by them","survey, iot, data, privacy, mobile, app","$0.15","Tue Dec 12 16:36:45 PST 2017","100","BatchId:3046237;OriginalHitTemplateId:920937332;","600","259200","Sat Dec 16 16:36:45 PST 2017","","","34S6N1K2ZWP6F7M95JYKI6IKJT0HLR","A33KTU8KJ5CP2T","Approved","Tue Dec 12 17:31:00 PST 2017","Tue Dec 12 17:33:11 PST 2017","Fri Dec 15 17:33:11 PST 2017","Wed Dec 13 21:23:49 PST 2017","","","131","100% (1/1)","100% (1/1)","100% (1/1)","Google photos","Dropbox","Yes","Yes"
"3ATYLI1PRT87PEM3G9CWXG760Q5OJB","3AKZZJBHGQ4ZLVJKRV2ZFVM3OA3EB0","Answer a short survey about an app to manage your 'smart' devices","Give us your opinion about our user interface for an unreleased system for managing your Internet of things devices and the data generated by them","survey, iot, data, privacy, mobile, app","$0.15","Tue Dec 12 16:36:45 PST 2017","100","BatchId:3046237;OriginalHitTemplateId:920937332;","600","259200","Sat Dec 16 16:36:45 PST 2017","","","3ERET4BTVNF2GVM8M7YRQP7HBGF9KI","A33VGSEJ44ORMF","Approved","Tue Dec 12 16:38:30 PST 2017","Tue Dec 12 16:39:29 PST 2017","Fri Dec 15 16:39:29 PST 2017","Tue Dec 12 16:50:59 PST 2017","","","59","100% (1/1)","100% (1/1)","100% (1/1)","Google photos","Google Drive","Does not change my willingness to share the data","Does not change my willingness to share the data"
"3ATYLI1PRT87PEM3G9CWXG760Q5OJB","3AKZZJBHGQ4ZLVJKRV2ZFVM3OA3EB0","Answer a short survey about an app to manage your 'smart' devices","Give us your opinion about our user interface for an unreleased system for managing your Internet of things devices and the data generated by them","survey, iot, data, privacy, mobile, app","$0.15","Tue Dec 12 16:36:45 PST 2017","100","BatchId:3046237;OriginalHitTemplateId:920937332;","600","259200","Sat Dec 16 16:36:45 PST 2017","","","3TESA3PJ32GCD355WSFCAO550KHMMZ","A35ARURSRU6UAZ","Approved","Tue Dec 12 16:39:31 PST 2017","Tue Dec 12 16:40:23 PST 2017","Fri Dec 15 16:40:23 PST 2017","Tue Dec 12 16:51:00 PST 2017","","","52","100% (1/1)","100% (1/1)","100% (1/1)","Google photos","Nest","Does not change my willingness to share the data","No"
"3ATYLI1PRT87PEM3G9CWXG760Q5OJB","3AKZZJBHGQ4ZLVJKRV2ZFVM3OA3EB0","Answer a short survey about an app to manage your 'smart' devices","Give us your opinion about our user interface for an unreleased system for managing your Internet of things devices and the data generated by them","survey, iot, data, privacy, mobile, app","$0.15","Tue Dec 12 16:36:45 PST 2017","100","BatchId:3046237;OriginalHitTemplateId:920937332;","600","259200","Sat Dec 16 16:36:45 PST 2017","","","3N2BF7Y2VR0QLP4U5VZZIJX9JYJMHR","A373YDMLHTZODI","Approved","Tue Dec 12 16:44:46 PST 2017","Tue Dec 12 16:46:11 PST 2017","Fri Dec 15 16:46:11 PST 2017","Tue Dec 12 16:50:59 PST 2017","","","85","100% (1/1)","100% (1/1)","100% (1/1)","Google photos","Nest","Does not change my willingness to share the data","Does not change my willingness to share the data"
"3ATYLI1PRT87PEM3G9CWXG760Q5OJB","3AKZZJBHGQ4ZLVJKRV2ZFVM3OA3EB0","Answer a short survey about an app to manage your 'smart' devices","Give us your opinion about our user interface for an unreleased system for managing your Internet of things devices and the data generated by them","survey, iot, data, privacy, mobile, app","$0.15","Tue Dec 12 16:36:45 PST 2017","100","BatchId:3046237;OriginalHitTemplateId:920937332;","600","259200","Sat Dec 16 16:36:45 PST 2017","","","379J5II41PMUVXV7FIQEX3L7RDBELB","A37B34HMFNYT9","Approved","Tue Dec 12 17:59:02 PST 2017","Tue Dec 12 18:00:05 PST 2017","Fri Dec 15 18:00:05 PST 2017","Wed Dec 13 21:23:49 PST 2017","","","63","100% (1/1)","100% (1/1)","100% (1/1)","Google photos","Nest","Does not change my willingness to share the data","Yes"
"3ATYLI1PRT87PEM3G9CWXG760Q5OJB","3AKZZJBHGQ4ZLVJKRV2ZFVM3OA3EB0","Answer a short survey about an app to manage your 'smart' devices","Give us your opinion about our user interface for an unreleased system for managing your Internet of things devices and the data generated by them","survey, iot, data, privacy, mobile, app","$0.15","Tue Dec 12 16:36:45 PST 2017","100","BatchId:3046237;OriginalHitTemplateId:920937332;","600","259200","Sat Dec 16 16:36:45 PST 2017","","","3EJPLAJKENMAN7JWO1YPTU4SPOPZ6O","A38IYEXN4UDGMD","Approved","Tue Dec 12 17:15:28 PST 2017","Tue Dec 12 17:16:35 PST 2017","Fri Dec 15 17:16:35 PST 2017","Wed Dec 13 21:23:51 PST 2017","","","67","100% (1/1)","100% (1/1)","100% (1/1)","Google photos","Nest","No","No"
"3ATYLI1PRT87PEM3G9CWXG760Q5OJB","3AKZZJBHGQ4ZLVJKRV2ZFVM3OA3EB0","Answer a short survey about an app to manage your 'smart' devices","Give us your opinion about our user interface for an unreleased system for managing your Internet of things devices and the data generated by them","survey, iot, data, privacy, mobile, app","$0.15","Tue Dec 12 16:36:45 PST 2017","100","BatchId:3046237;OriginalHitTemplateId:920937332;","600","259200","Sat Dec 16 16:36:45 PST 2017","","","3QECW5O0KI7IIRAJDQZ2F0PB8XN5TT","A3BZVFD82AVLT8","Approved","Tue Dec 12 16:37:07 PST 2017","Tue Dec 12 16:38:11 PST 2017","Fri Dec 15 16:38:11 PST 2017","Tue Dec 12 16:50:59 PST 2017","","","64","100% (1/1)","100% (1/1)","100% (1/1)","Google photos","Nest","Yes","Yes"
"3ATYLI1PRT87PEM3G9CWXG760Q5OJB","3AKZZJBHGQ4ZLVJKRV2ZFVM3OA3EB0","Answer a short survey about an app to manage your 'smart' devices","Give us your opinion about our user interface for an unreleased system for managing your Internet of things devices and the data generated by them","survey, iot, data, privacy, mobile, app","$0.15","Tue Dec 12 16:36:45 PST 2017","100","BatchId:3046237;OriginalHitTemplateId:920937332;","600","259200","Sat Dec 16 16:36:45 PST 2017","","","35K3O9HUACJ8V5LBT7NG2QGNUHIFE0","A3DFCGAXJHV1P9","Approved","Tue Dec 12 17:04:02 PST 2017","Tue Dec 12 17:05:26 PST 2017","Fri Dec 15 17:05:26 PST 2017","Wed Dec 13 21:23:49 PST 2017","","","84","100% (1/1)","100% (1/1)","100% (1/1)","Google photos","Nest","Yes","Yes"
"3ATYLI1PRT87PEM3G9CWXG760Q5OJB","3AKZZJBHGQ4ZLVJKRV2ZFVM3OA3EB0","Answer a short survey about an app to manage your 'smart' devices","Give us your opinion about our user interface for an unreleased system for managing your Internet of things devices and the data generated by them","survey, iot, data, privacy, mobile, app","$0.15","Tue Dec 12 16:36:45 PST 2017","100","BatchId:3046237;OriginalHitTemplateId:920937332;","600","259200","Sat Dec 16 16:36:45 PST 2017","","","3KGTPGBS6YR5J76LVCNEMP8171CU2H","A3EUFDOUX1GCL","Approved","Tue Dec 12 17:48:49 PST 2017","Tue Dec 12 17:49:41 PST 2017","Fri Dec 15 17:49:41 PST 2017","Wed Dec 13 21:23:52 PST 2017","","","52","100% (1/1)","100% (1/1)","100% (1/1)","Google photos","Google Drive","No","No"
"3ATYLI1PRT87PEM3G9CWXG760Q5OJB","3AKZZJBHGQ4ZLVJKRV2ZFVM3OA3EB0","Answer a short survey about an app to manage your 'smart' devices","Give us your opinion about our user interface for an unreleased system for managing your Internet of things devices and the data generated by them","survey, iot, data, privacy, mobile, app","$0.15","Tue Dec 12 16:36:45 PST 2017","100","BatchId:3046237;OriginalHitTemplateId:920937332;","600","259200","Sat Dec 16 16:36:45 PST 2017","","","3KV0LJBBH3R3AJIX10BTWNZF67ORM0","A3FJBLY9QJ419E","Approved","Tue Dec 12 17:37:23 PST 2017","Tue Dec 12 17:37:58 PST 2017","Fri Dec 15 17:37:58 PST 2017","Wed Dec 13 21:23:52 PST 2017","","","35","100% (1/1)","100% (1/1)","100% (1/1)","Google photos","Nest","No","No"
"3ATYLI1PRT87PEM3G9CWXG760Q5OJB","3AKZZJBHGQ4ZLVJKRV2ZFVM3OA3EB0","Answer a short survey about an app to manage your 'smart' devices","Give us your opinion about our user interface for an unreleased system for managing your Internet of things devices and the data generated by them","survey, iot, data, privacy, mobile, app","$0.15","Tue Dec 12 16:36:45 PST 2017","100","BatchId:3046237;OriginalHitTemplateId:920937332;","600","259200","Sat Dec 16 16:36:45 PST 2017","","","3DYGAII7PME9JL0AG1EL81J5FQZPQV","A3FPX5HIFBDJYX","Approved","Tue Dec 12 17:51:42 PST 2017","Tue Dec 12 17:53:13 PST 2017","Fri Dec 15 17:53:13 PST 2017","Wed Dec 13 21:23:50 PST 2017","","","91","100% (1/1)","100% (1/1)","100% (1/1)","Google photos","Nest","Yes","No"
"3ATYLI1PRT87PEM3G9CWXG760Q5OJB","3AKZZJBHGQ4ZLVJKRV2ZFVM3OA3EB0","Answer a short survey about an app to manage your 'smart' devices","Give us your opinion about our user interface for an unreleased system for managing your Internet of things devices and the data generated by them","survey, iot, data, privacy, mobile, app","$0.15","Tue Dec 12 16:36:45 PST 2017","100","BatchId:3046237;OriginalHitTemplateId:920937332;","600","259200","Sat Dec 16 16:36:45 PST 2017","","","3X3OR7WPZ06DMWLG2F4E5TPLGA28LV","A3FYWUZK52IC2J","Approved","Tue Dec 12 16:37:08 PST 2017","Tue Dec 12 16:40:15 PST 2017","Fri Dec 15 16:40:15 PST 2017","Tue Dec 12 16:51:00 PST 2017","","","187","100% (1/1)","100% (1/1)","100% (1/1)","Google photos","Nest","Yes","Yes"
"3ATYLI1PRT87PEM3G9CWXG760Q5OJB","3AKZZJBHGQ4ZLVJKRV2ZFVM3OA3EB0","Answer a short survey about an app to manage your 'smart' devices","Give us your opinion about our user interface for an unreleased system for managing your Internet of things devices and the data generated by them","survey, iot, data, privacy, mobile, app","$0.15","Tue Dec 12 16:36:45 PST 2017","100","BatchId:3046237;OriginalHitTemplateId:920937332;","600","259200","Sat Dec 16 16:36:45 PST 2017","","","3LRKMWOKB6NM560V1ZMM3HNG9JHZ21","A3GERFIF45QJSD","Approved","Tue Dec 12 16:37:28 PST 2017","Tue Dec 12 16:38:05 PST 2017","Fri Dec 15 16:38:05 PST 2017","Tue Dec 12 16:50:59 PST 2017","","","37","100% (1/1)","100% (1/1)","100% (1/1)","Google photos","Google Drive","Yes","Yes"
"3ATYLI1PRT87PEM3G9CWXG760Q5OJB","3AKZZJBHGQ4ZLVJKRV2ZFVM3OA3EB0","Answer a short survey about an app to manage your 'smart' devices","Give us your opinion about our user interface for an unreleased system for managing your Internet of things devices and the data generated by them","survey, iot, data, privacy, mobile, app","$0.15","Tue Dec 12 16:36:45 PST 2017","100","BatchId:3046237;OriginalHitTemplateId:920937332;","600","259200","Sat Dec 16 16:36:45 PST 2017","","","3LKC68YZ3B9WIIKVDA0CBQW1TMHWOM","A3GF4PX4V354W","Approved","Tue Dec 12 17:27:38 PST 2017","Tue Dec 12 17:28:54 PST 2017","Fri Dec 15 17:28:54 PST 2017","Wed Dec 13 21:23:52 PST 2017","","","76","100% (1/1)","100% (1/1)","100% (1/1)","Google photos","Nest","Yes","Yes"
"3ATYLI1PRT87PEM3G9CWXG760Q5OJB","3AKZZJBHGQ4ZLVJKRV2ZFVM3OA3EB0","Answer a short survey about an app to manage your 'smart' devices","Give us your opinion about our user interface for an unreleased system for managing your Internet of things devices and the data generated by them","survey, iot, data, privacy, mobile, app","$0.15","Tue Dec 12 16:36:45 PST 2017","100","BatchId:3046237;OriginalHitTemplateId:920937332;","600","259200","Sat Dec 16 16:36:45 PST 2017","","","3NVC2EB65R5BLYM99DY88KJ693RY3Y","A3H2NSZ2WLPA5D","Approved","Tue Dec 12 18:23:48 PST 2017","Tue Dec 12 18:25:33 PST 2017","Fri Dec 15 18:25:33 PST 2017","Wed Dec 13 21:23:53 PST 2017","","","105","100% (1/1)","100% (1/1)","100% (1/1)","Google photos","Google Drive","Yes","Yes"
"3ATYLI1PRT87PEM3G9CWXG760Q5OJB","3AKZZJBHGQ4ZLVJKRV2ZFVM3OA3EB0","Answer a short survey about an app to manage your 'smart' devices","Give us your opinion about our user interface for an unreleased system for managing your Internet of things devices and the data generated by them","survey, iot, data, privacy, mobile, app","$0.15","Tue Dec 12 16:36:45 PST 2017","100","BatchId:3046237;OriginalHitTemplateId:920937332;","600","259200","Sat Dec 16 16:36:45 PST 2017","","","3VW04L3ZLUCY1R3DO6JUWM11ESUXXN","A3K6V27ZCPYCUC","Approved","Tue Dec 12 17:45:04 PST 2017","Tue Dec 12 17:46:17 PST 2017","Fri Dec 15 17:46:17 PST 2017","Wed Dec 13 21:23:54 PST 2017","","","73","100% (1/1)","100% (1/1)","100% (1/1)","Google photos","Nest","Yes","Does not change my willingness to share the data"
"3ATYLI1PRT87PEM3G9CWXG760Q5OJB","3AKZZJBHGQ4ZLVJKRV2ZFVM3OA3EB0","Answer a short survey about an app to manage your 'smart' devices","Give us your opinion about our user interface for an unreleased system for managing your Internet of things devices and the data generated by them","survey, iot, data, privacy, mobile, app","$0.15","Tue Dec 12 16:36:45 PST 2017","100","BatchId:3046237;OriginalHitTemplateId:920937332;","600","259200","Sat Dec 16 16:36:45 PST 2017","","","3YZ8UPK3VUSIHPYNS5CKY2HNJSKCU3","A3MC5OA9RXOOFH","Approved","Tue Dec 12 17:03:26 PST 2017","Tue Dec 12 17:04:13 PST 2017","Fri Dec 15 17:04:13 PST 2017","Wed Dec 13 21:23:54 PST 2017","","","47","100% (1/1)","100% (1/1)","100% (1/1)","Google photos","Nest","No","No"
"3ATYLI1PRT87PEM3G9CWXG760Q5OJB","3AKZZJBHGQ4ZLVJKRV2ZFVM3OA3EB0","Answer a short survey about an app to manage your 'smart' devices","Give us your opinion about our user interface for an unreleased system for managing your Internet of things devices and the data generated by them","survey, iot, data, privacy, mobile, app","$0.15","Tue Dec 12 16:36:45 PST 2017","100","BatchId:3046237;OriginalHitTemplateId:920937332;","600","259200","Sat Dec 16 16:36:45 PST 2017","","","3P4RDNWND6C0GC9T8G4S2367FHAJIK","A3MGT5W3JD5V89","Approved","Tue Dec 12 17:29:19 PST 2017","Tue Dec 12 17:33:10 PST 2017","Fri Dec 15 17:33:10 PST 2017","Wed Dec 13 21:23:53 PST 2017","","","231","100% (1/1)","100% (1/1)","100% (1/1)","Google photos","Nest","Does not change my willingness to share the data","Yes"
"3ATYLI1PRT87PEM3G9CWXG760Q5OJB","3AKZZJBHGQ4ZLVJKRV2ZFVM3OA3EB0","Answer a short survey about an app to manage your 'smart' devices","Give us your opinion about our user interface for an unreleased system for managing your Internet of things devices and the data generated by them","survey, iot, data, privacy, mobile, app","$0.15","Tue Dec 12 16:36:45 PST 2017","100","BatchId:3046237;OriginalHitTemplateId:920937332;","600","259200","Sat Dec 16 16:36:45 PST 2017","","","3P4MQ7TPPYIKBLXBEEZUISJHCMOBBP","A3NEAC780MRHAN","Approved","Tue Dec 12 18:38:46 PST 2017","Tue Dec 12 18:40:23 PST 2017","Fri Dec 15 18:40:23 PST 2017","Wed Dec 13 21:23:53 PST 2017","","","97","100% (1/1)","100% (1/1)","100% (1/1)","Google photos","Nest","Yes","No"
"3ATYLI1PRT87PEM3G9CWXG760Q5OJB","3AKZZJBHGQ4ZLVJKRV2ZFVM3OA3EB0","Answer a short survey about an app to manage your 'smart' devices","Give us your opinion about our user interface for an unreleased system for managing your Internet of things devices and the data generated by them","survey, iot, data, privacy, mobile, app","$0.15","Tue Dec 12 16:36:45 PST 2017","100","BatchId:3046237;OriginalHitTemplateId:920937332;","600","259200","Sat Dec 16 16:36:45 PST 2017","","","3CFVK00FWMRQII2S907GLFTUAFF6LA","A3NZDP3T7RCK9P","Approved","Tue Dec 12 16:56:10 PST 2017","Tue Dec 12 16:58:31 PST 2017","Fri Dec 15 16:58:31 PST 2017","Wed Dec 13 21:23:50 PST 2017","","","141","100% (1/1)","100% (1/1)","100% (1/1)","Google photos","Nest","Does not change my willingness to share the data","Yes"
"3ATYLI1PRT87PEM3G9CWXG760Q5OJB","3AKZZJBHGQ4ZLVJKRV2ZFVM3OA3EB0","Answer a short survey about an app to manage your 'smart' devices","Give us your opinion about our user interface for an unreleased system for managing your Internet of things devices and the data generated by them","survey, iot, data, privacy, mobile, app","$0.15","Tue Dec 12 16:36:45 PST 2017","100","BatchId:3046237;OriginalHitTemplateId:920937332;","600","259200","Sat Dec 16 16:36:45 PST 2017","","","3Z7ISHFUH11XRL2KHGVND80JVJAZ85","A3O8NBM8GZ0QHW","Approved","Tue Dec 12 16:42:29 PST 2017","Tue Dec 12 16:42:43 PST 2017","Fri Dec 15 16:42:43 PST 2017","Tue Dec 12 16:51:00 PST 2017","","","14","100% (1/1)","100% (1/1)","100% (1/1)","Smarthome","Google Drive","Yes","Yes"
"3ATYLI1PRT87PEM3G9CWXG760Q5OJB","3AKZZJBHGQ4ZLVJKRV2ZFVM3OA3EB0","Answer a short survey about an app to manage your 'smart' devices","Give us your opinion about our user interface for an unreleased system for managing your Internet of things devices and the data generated by them","survey, iot, data, privacy, mobile, app","$0.15","Tue Dec 12 16:36:45 PST 2017","100","BatchId:3046237;OriginalHitTemplateId:920937332;","600","259200","Sat Dec 16 16:36:45 PST 2017","","","39LNWE0K4V29USKNKF8695FIWX9UIS","A3PYNS3ZLLJJRP","Approved","Tue Dec 12 17:49:35 PST 2017","Tue Dec 12 17:50:29 PST 2017","Fri Dec 15 17:50:29 PST 2017","Wed Dec 13 21:23:50 PST 2017","","","54","100% (1/1)","100% (1/1)","100% (1/1)","Nest","Nest","No","Yes"
"3ATYLI1PRT87PEM3G9CWXG760Q5OJB","3AKZZJBHGQ4ZLVJKRV2ZFVM3OA3EB0","Answer a short survey about an app to manage your 'smart' devices","Give us your opinion about our user interface for an unreleased system for managing your Internet of things devices and the data generated by them","survey, iot, data, privacy, mobile, app","$0.15","Tue Dec 12 16:36:45 PST 2017","100","BatchId:3046237;OriginalHitTemplateId:920937332;","600","259200","Sat Dec 16 16:36:45 PST 2017","","","3Z3ZLGNNSJ02CWVNI3HEVYG4AUC3Q2","A3PZFH5OCGESG3","Approved","Tue Dec 12 18:33:21 PST 2017","Tue Dec 12 18:35:36 PST 2017","Fri Dec 15 18:35:36 PST 2017","Wed Dec 13 21:23:54 PST 2017","","","135","100% (1/1)","100% (1/1)","100% (1/1)","Google photos","Nest","No","No"
"3ATYLI1PRT87PEM3G9CWXG760Q5OJB","3AKZZJBHGQ4ZLVJKRV2ZFVM3OA3EB0","Answer a short survey about an app to manage your 'smart' devices","Give us your opinion about our user interface for an unreleased system for managing your Internet of things devices and the data generated by them","survey, iot, data, privacy, mobile, app","$0.15","Tue Dec 12 16:36:45 PST 2017","100","BatchId:3046237;OriginalHitTemplateId:920937332;","600","259200","Sat Dec 16 16:36:45 PST 2017","","","3Z7ISHFUH11XRL2KHGVND80JVJHZ8C","A3SNSWMNXQEHAO","Approved","Tue Dec 12 17:27:25 PST 2017","Tue Dec 12 17:27:41 PST 2017","Fri Dec 15 17:27:41 PST 2017","Wed Dec 13 21:23:54 PST 2017","","","16","100% (1/1)","100% (1/1)","100% (1/1)","Smarthome","Google Drive","Yes","Yes"
"3ATYLI1PRT87PEM3G9CWXG760Q5OJB","3AKZZJBHGQ4ZLVJKRV2ZFVM3OA3EB0","Answer a short survey about an app to manage your 'smart' devices","Give us your opinion about our user interface for an unreleased system for managing your Internet of things devices and the data generated by them","survey, iot, data, privacy, mobile, app","$0.15","Tue Dec 12 16:36:45 PST 2017","100","BatchId:3046237;OriginalHitTemplateId:920937332;","600","259200","Sat Dec 16 16:36:45 PST 2017","","","3L0KT67Y8FMF5F7OZSZ9GSRI1JSYSS","A3T2N6RAIP1PJ","Approved","Tue Dec 12 18:42:11 PST 2017","Tue Dec 12 18:45:06 PST 2017","Fri Dec 15 18:45:06 PST 2017","Wed Dec 13 21:23:52 PST 2017","","","175","100% (1/1)","100% (1/1)","100% (1/1)","Google photos","Nest","Does not change my willingness to share the data","Does not change my willingness to share the data"
"3ATYLI1PRT87PEM3G9CWXG760Q5OJB","3AKZZJBHGQ4ZLVJKRV2ZFVM3OA3EB0","Answer a short survey about an app to manage your 'smart' devices","Give us your opinion about our user interface for an unreleased system for managing your Internet of things devices and the data generated by them","survey, iot, data, privacy, mobile, app","$0.15","Tue Dec 12 16:36:45 PST 2017","100","BatchId:3046237;OriginalHitTemplateId:920937332;","600","259200","Sat Dec 16 16:36:45 PST 2017","","","3IXQG4FA2U41NSIEGULYRMOROM89B0","A4GXHVTRGW5P8","Approved","Tue Dec 12 16:49:41 PST 2017","Tue Dec 12 16:50:19 PST 2017","Fri Dec 15 16:50:19 PST 2017","Wed Dec 13 21:23:51 PST 2017","","","38","100% (1/1)","100% (1/1)","100% (1/1)","Google photos","Nest","Yes","Yes"
"3ATYLI1PRT87PEM3G9CWXG760Q5OJB","3AKZZJBHGQ4ZLVJKRV2ZFVM3OA3EB0","Answer a short survey about an app to manage your 'smart' devices","Give us your opinion about our user interface for an unreleased system for managing your Internet of things devices and the data generated by them","survey, iot, data, privacy, mobile, app","$0.15","Tue Dec 12 16:36:45 PST 2017","100","BatchId:3046237;OriginalHitTemplateId:920937332;","600","259200","Sat Dec 16 16:36:45 PST 2017","","","3DH6GAKTYZVC6RT2UKTHCLOLOYEZYK","A71ZGF2T1P70V","Approved","Tue Dec 12 16:47:43 PST 2017","Tue Dec 12 16:48:12 PST 2017","Fri Dec 15 16:48:12 PST 2017","Tue Dec 12 16:51:13 PST 2017","","","29","100% (1/1)","100% (1/1)","100% (1/1)","Smarthome","Dropbox","No","No"
"3ATYLI1PRT87PEM3G9CWXG760Q5OJB","3AKZZJBHGQ4ZLVJKRV2ZFVM3OA3EB0","Answer a short survey about an app to manage your 'smart' devices","Give us your opinion about our user interface for an unreleased system for managing your Internet of things devices and the data generated by them","survey, iot, data, privacy, mobile, app","$0.15","Tue Dec 12 16:36:45 PST 2017","100","BatchId:3046237;OriginalHitTemplateId:920937332;","600","259200","Sat Dec 16 16:36:45 PST 2017","","","3KYQYYSHYWDX9CK4WFVMJ27GM6DOD7","A9UBPUEWAMA06","Approved","Tue Dec 12 17:46:43 PST 2017","Tue Dec 12 17:48:16 PST 2017","Fri Dec 15 17:48:16 PST 2017","Wed Dec 13 21:23:52 PST 2017","","","93","100% (1/1)","100% (1/1)","100% (1/1)","Google photos","Nest","Does not change my willingness to share the data","Yes"
"3ATYLI1PRT87PEM3G9CWXG760Q5OJB","3AKZZJBHGQ4ZLVJKRV2ZFVM3OA3EB0","Answer a short survey about an app to manage your 'smart' devices","Give us your opinion about our user interface for an unreleased system for managing your Internet of things devices and the data generated by them","survey, iot, data, privacy, mobile, app","$0.15","Tue Dec 12 16:36:45 PST 2017","100","BatchId:3046237;OriginalHitTemplateId:920937332;","600","259200","Sat Dec 16 16:36:45 PST 2017","","","3X66WABAJXOBZ719F7C21KC2473G3K","AAGZ40ERLMIPB","Approved","Tue Dec 12 18:37:59 PST 2017","Tue Dec 12 18:39:30 PST 2017","Fri Dec 15 18:39:30 PST 2017","Wed Dec 13 21:23:54 PST 2017","","","91","100% (1/1)","100% (1/1)","100% (1/1)","Google photos","Nest","Yes","Yes"
"3ATYLI1PRT87PEM3G9CWXG760Q5OJB","3AKZZJBHGQ4ZLVJKRV2ZFVM3OA3EB0","Answer a short survey about an app to manage your 'smart' devices","Give us your opinion about our user interface for an unreleased system for managing your Internet of things devices and the data generated by them","survey, iot, data, privacy, mobile, app","$0.15","Tue Dec 12 16:36:45 PST 2017","100","BatchId:3046237;OriginalHitTemplateId:920937332;","600","259200","Sat Dec 16 16:36:45 PST 2017","","","3TDXMTX3CC0OSHUMOXA3TZ12TBII65","AAPRQ5DHT6X2R","Approved","Tue Dec 12 16:40:31 PST 2017","Tue Dec 12 16:42:25 PST 2017","Fri Dec 15 16:42:25 PST 2017","Tue Dec 12 16:51:00 PST 2017","","","114","100% (1/1)","100% (1/1)","100% (1/1)","Google photos","Nest","No","No"
"3ATYLI1PRT87PEM3G9CWXG760Q5OJB","3AKZZJBHGQ4ZLVJKRV2ZFVM3OA3EB0","Answer a short survey about an app to manage your 'smart' devices","Give us your opinion about our user interface for an unreleased system for managing your Internet of things devices and the data generated by them","survey, iot, data, privacy, mobile, app","$0.15","Tue Dec 12 16:36:45 PST 2017","100","BatchId:3046237;OriginalHitTemplateId:920937332;","600","259200","Sat Dec 16 16:36:45 PST 2017","","","33IZTU6J827Q5AHEUWD7XEK9ZDUXSH","AAV4RUAELKOA","Approved","Tue Dec 12 18:05:14 PST 2017","Tue Dec 12 18:05:56 PST 2017","Fri Dec 15 18:05:56 PST 2017","Wed Dec 13 21:23:48 PST 2017","","","42","100% (1/1)","100% (1/1)","100% (1/1)","Google photos","Nest","Does not change my willingness to share the data","Yes"
"3ATYLI1PRT87PEM3G9CWXG760Q5OJB","3AKZZJBHGQ4ZLVJKRV2ZFVM3OA3EB0","Answer a short survey about an app to manage your 'smart' devices","Give us your opinion about our user interface for an unreleased system for managing your Internet of things devices and the data generated by them","survey, iot, data, privacy, mobile, app","$0.15","Tue Dec 12 16:36:45 PST 2017","100","BatchId:3046237;OriginalHitTemplateId:920937332;","600","259200","Sat Dec 16 16:36:45 PST 2017","","","3RXPCZQMQQHFP4NUS3YJDRX56NB1GZ","ABTS560AIV57B","Approved","Tue Dec 12 16:42:17 PST 2017","Tue Dec 12 16:42:59 PST 2017","Fri Dec 15 16:42:59 PST 2017","Tue Dec 12 16:50:59 PST 2017","","","42","100% (1/1)","100% (1/1)","100% (1/1)","Google photos","Nest","Does not change my willingness to share the data","Does not change my willingness to share the data"
"3ATYLI1PRT87PEM3G9CWXG760Q5OJB","3AKZZJBHGQ4ZLVJKRV2ZFVM3OA3EB0","Answer a short survey about an app to manage your 'smart' devices","Give us your opinion about our user interface for an unreleased system for managing your Internet of things devices and the data generated by them","survey, iot, data, privacy, mobile, app","$0.15","Tue Dec 12 16:36:45 PST 2017","100","BatchId:3046237;OriginalHitTemplateId:920937332;","600","259200","Sat Dec 16 16:36:45 PST 2017","","","37UQDCYH6Y1CINSR6EEEE2RSWOZ7VR","ABVZFMC26LXO6","Approved","Tue Dec 12 16:41:27 PST 2017","Tue Dec 12 16:43:08 PST 2017","Fri Dec 15 16:43:08 PST 2017","Tue Dec 12 16:50:58 PST 2017","","","101","100% (1/1)","100% (1/1)","100% (1/1)","Google photos","Nest","Yes","Yes"
"3ATYLI1PRT87PEM3G9CWXG760Q5OJB","3AKZZJBHGQ4ZLVJKRV2ZFVM3OA3EB0","Answer a short survey about an app to manage your 'smart' devices","Give us your opinion about our user interface for an unreleased system for managing your Internet of things devices and the data generated by them","survey, iot, data, privacy, mobile, app","$0.15","Tue Dec 12 16:36:45 PST 2017","100","BatchId:3046237;OriginalHitTemplateId:920937332;","600","259200","Sat Dec 16 16:36:45 PST 2017","","","36ZN444YTS4EHN0QOTWXAZNTEBCIOU","AD317NO9623GZ","Approved","Tue Dec 12 16:37:32 PST 2017","Tue Dec 12 16:38:21 PST 2017","Fri Dec 15 16:38:21 PST 2017","Tue Dec 12 16:50:58 PST 2017","","","49","100% (1/1)","100% (1/1)","100% (1/1)","Google photos","Nest","Yes","Does not change my willingness to share the data"
"3ATYLI1PRT87PEM3G9CWXG760Q5OJB","3AKZZJBHGQ4ZLVJKRV2ZFVM3OA3EB0","Answer a short survey about an app to manage your 'smart' devices","Give us your opinion about our user interface for an unreleased system for managing your Internet of things devices and the data generated by them","survey, iot, data, privacy, mobile, app","$0.15","Tue Dec 12 16:36:45 PST 2017","100","BatchId:3046237;OriginalHitTemplateId:920937332;","600","259200","Sat Dec 16 16:36:45 PST 2017","","","39GAF6DQWS6Y71DPHYX5DS0FT2A1VZ","ADPUZB3A4IOB2","Approved","Tue Dec 12 18:08:09 PST 2017","Tue Dec 12 18:10:20 PST 2017","Fri Dec 15 18:10:20 PST 2017","Wed Dec 13 21:23:50 PST 2017","","","131","100% (1/1)","100% (1/1)","100% (1/1)","Google photos","Nest","No","Does not change my willingness to share the data"
"3ATYLI1PRT87PEM3G9CWXG760Q5OJB","3AKZZJBHGQ4ZLVJKRV2ZFVM3OA3EB0","Answer a short survey about an app to manage your 'smart' devices","Give us your opinion about our user interface for an unreleased system for managing your Internet of things devices and the data generated by them","survey, iot, data, privacy, mobile, app","$0.15","Tue Dec 12 16:36:45 PST 2017","100","BatchId:3046237;OriginalHitTemplateId:920937332;","600","259200","Sat Dec 16 16:36:45 PST 2017","","","3EJJQNKU9SBHI5HMA3VG4IRJPLHHR9","ADRINUO0QTC33","Approved","Tue Dec 12 16:40:07 PST 2017","Tue Dec 12 16:40:45 PST 2017","Fri Dec 15 16:40:45 PST 2017","Tue Dec 12 16:50:59 PST 2017","","","38","100% (1/1)","100% (1/1)","100% (1/1)","Google photos","Nest","Yes","No"
"3ATYLI1PRT87PEM3G9CWXG760Q5OJB","3AKZZJBHGQ4ZLVJKRV2ZFVM3OA3EB0","Answer a short survey about an app to manage your 'smart' devices","Give us your opinion about our user interface for an unreleased system for managing your Internet of things devices and the data generated by them","survey, iot, data, privacy, mobile, app","$0.15","Tue Dec 12 16:36:45 PST 2017","100","BatchId:3046237;OriginalHitTemplateId:920937332;","600","259200","Sat Dec 16 16:36:45 PST 2017","","","3K4J6M3CXFZBJS0UOMRCOSQ8AHPGAA","AE2QWV0TZNJAN","Approved","Tue Dec 12 17:42:58 PST 2017","Tue Dec 12 17:44:03 PST 2017","Fri Dec 15 17:44:03 PST 2017","Wed Dec 13 21:23:51 PST 2017","","","65","100% (1/1)","100% (1/1)","100% (1/1)","Google photos","Nest","No","Yes"
"3ATYLI1PRT87PEM3G9CWXG760Q5OJB","3AKZZJBHGQ4ZLVJKRV2ZFVM3OA3EB0","Answer a short survey about an app to manage your 'smart' devices","Give us your opinion about our user interface for an unreleased system for managing your Internet of things devices and the data generated by them","survey, iot, data, privacy, mobile, app","$0.15","Tue Dec 12 16:36:45 PST 2017","100","BatchId:3046237;OriginalHitTemplateId:920937332;","600","259200","Sat Dec 16 16:36:45 PST 2017","","","3X73LLYYQ2KW37PUHWEZVYM9OOZHNS","AGK30V341UN88","Approved","Tue Dec 12 17:23:25 PST 2017","Tue Dec 12 17:26:54 PST 2017","Fri Dec 15 17:26:54 PST 2017","Wed Dec 13 21:23:54 PST 2017","","","209","100% (1/1)","100% (1/1)","100% (1/1)","Google photos","Nest","No","No"
"3ATYLI1PRT87PEM3G9CWXG760Q5OJB","3AKZZJBHGQ4ZLVJKRV2ZFVM3OA3EB0","Answer a short survey about an app to manage your 'smart' devices","Give us your opinion about our user interface for an unreleased system for managing your Internet of things devices and the data generated by them","survey, iot, data, privacy, mobile, app","$0.15","Tue Dec 12 16:36:45 PST 2017","100","BatchId:3046237;OriginalHitTemplateId:920937332;","600","259200","Sat Dec 16 16:36:45 PST 2017","","","32EYX73OY1FMNRN6A22FNXG9JTTURX","AHRUMV5C1O0TD","Approved","Tue Dec 12 17:56:49 PST 2017","Tue Dec 12 17:57:23 PST 2017","Fri Dec 15 17:57:23 PST 2017","Wed Dec 13 21:23:48 PST 2017","","","34","100% (1/1)","100% (1/1)","100% (1/1)","Smarthome","Google Drive","Yes","No"
"3ATYLI1PRT87PEM3G9CWXG760Q5OJB","3AKZZJBHGQ4ZLVJKRV2ZFVM3OA3EB0","Answer a short survey about an app to manage your 'smart' devices","Give us your opinion about our user interface for an unreleased system for managing your Internet of things devices and the data generated by them","survey, iot, data, privacy, mobile, app","$0.15","Tue Dec 12 16:36:45 PST 2017","100","BatchId:3046237;OriginalHitTemplateId:920937332;","600","259200","Sat Dec 16 16:36:45 PST 2017","","","37WLF8U1WQWFYCKAO0VF6FGFLFG6KD","AK3DF1BXS8DSM","Approved","Tue Dec 12 17:39:08 PST 2017","Tue Dec 12 17:41:36 PST 2017","Fri Dec 15 17:41:36 PST 2017","Wed Dec 13 21:23:49 PST 2017","","","148","100% (1/1)","100% (1/1)","100% (1/1)","Smarthome","Dropbox","Does not change my willingness to share the data","Does not change my willingness to share the data"
"3ATYLI1PRT87PEM3G9CWXG760Q5OJB","3AKZZJBHGQ4ZLVJKRV2ZFVM3OA3EB0","Answer a short survey about an app to manage your 'smart' devices","Give us your opinion about our user interface for an unreleased system for managing your Internet of things devices and the data generated by them","survey, iot, data, privacy, mobile, app","$0.15","Tue Dec 12 16:36:45 PST 2017","100","BatchId:3046237;OriginalHitTemplateId:920937332;","600","259200","Sat Dec 16 16:36:45 PST 2017","","","3K2755HG5T933Z7BXCCWW8Y2U5TDFH","AKHVXXXX53S5G","Approved","Tue Dec 12 18:48:08 PST 2017","Tue Dec 12 18:48:49 PST 2017","Fri Dec 15 18:48:49 PST 2017","Wed Dec 13 21:23:51 PST 2017","","","41","100% (1/1)","100% (1/1)","100% (1/1)","Google photos","Nest","Yes","Yes"
"3ATYLI1PRT87PEM3G9CWXG760Q5OJB","3AKZZJBHGQ4ZLVJKRV2ZFVM3OA3EB0","Answer a short survey about an app to manage your 'smart' devices","Give us your opinion about our user interface for an unreleased system for managing your Internet of things devices and the data generated by them","survey, iot, data, privacy, mobile, app","$0.15","Tue Dec 12 16:36:45 PST 2017","100","BatchId:3046237;OriginalHitTemplateId:920937332;","600","259200","Sat Dec 16 16:36:45 PST 2017","","","3BWI6RSP7HFVGC65BOP4EY36WT3E7Z","AOZ5HHRV4LTJF","Approved","Tue Dec 12 17:29:41 PST 2017","Tue Dec 12 17:29:56 PST 2017","Fri Dec 15 17:29:56 PST 2017","Wed Dec 13 21:23:50 PST 2017","","","15","100% (1/1)","100% (1/1)","100% (1/1)","Google photos","Dropbox","Yes","Yes"
"3ATYLI1PRT87PEM3G9CWXG760Q5OJB","3AKZZJBHGQ4ZLVJKRV2ZFVM3OA3EB0","Answer a short survey about an app to manage your 'smart' devices","Give us your opinion about our user interface for an unreleased system for managing your Internet of things devices and the data generated by them","survey, iot, data, privacy, mobile, app","$0.15","Tue Dec 12 16:36:45 PST 2017","100","BatchId:3046237;OriginalHitTemplateId:920937332;","600","259200","Sat Dec 16 16:36:45 PST 2017","","","38F5OAUN5OI70MX71PXAZ10JO92H7P","APBSDSI7FR2PI","Approved","Tue Dec 12 18:41:07 PST 2017","Tue Dec 12 18:42:39 PST 2017","Fri Dec 15 18:42:39 PST 2017","Wed Dec 13 21:23:49 PST 2017","","","92","100% (1/1)","100% (1/1)","100% (1/1)","Google photos","Nest","Yes","Yes"
"3ATYLI1PRT87PEM3G9CWXG760Q5OJB","3AKZZJBHGQ4ZLVJKRV2ZFVM3OA3EB0","Answer a short survey about an app to manage your 'smart' devices","Give us your opinion about our user interface for an unreleased system for managing your Internet of things devices and the data generated by them","survey, iot, data, privacy, mobile, app","$0.15","Tue Dec 12 16:36:45 PST 2017","100","BatchId:3046237;OriginalHitTemplateId:920937332;","600","259200","Sat Dec 16 16:36:45 PST 2017","","","3IUZPWIU1PDDSRZGFI8J49FS9HDKWW","APWBUB0PDRLS5","Approved","Tue Dec 12 18:21:10 PST 2017","Tue Dec 12 18:22:12 PST 2017","Fri Dec 15 18:22:12 PST 2017","Wed Dec 13 21:23:51 PST 2017","","","62","100% (1/1)","100% (1/1)","100% (1/1)","Google photos","Nest","Yes","Does not change my willingness to share the data"
"3ATYLI1PRT87PEM3G9CWXG760Q5OJB","3AKZZJBHGQ4ZLVJKRV2ZFVM3OA3EB0","Answer a short survey about an app to manage your 'smart' devices","Give us your opinion about our user interface for an unreleased system for managing your Internet of things devices and the data generated by them","survey, iot, data, privacy, mobile, app","$0.15","Tue Dec 12 16:36:45 PST 2017","100","BatchId:3046237;OriginalHitTemplateId:920937332;","600","259200","Sat Dec 16 16:36:45 PST 2017","","","37U1UTWH9WSOPUGT7Z1AR5YKM2R8RL","AQHFC1PH6XGLJ","Approved","Tue Dec 12 16:37:19 PST 2017","Tue Dec 12 16:42:26 PST 2017","Fri Dec 15 16:42:26 PST 2017","Tue Dec 12 16:50:58 PST 2017","","","307","100% (1/1)","100% (1/1)","100% (1/1)","Google photos","Nest","Yes","Yes"
"3ATYLI1PRT87PEM3G9CWXG760Q5OJB","3AKZZJBHGQ4ZLVJKRV2ZFVM3OA3EB0","Answer a short survey about an app to manage your 'smart' devices","Give us your opinion about our user interface for an unreleased system for managing your Internet of things devices and the data generated by them","survey, iot, data, privacy, mobile, app","$0.15","Tue Dec 12 16:36:45 PST 2017","100","BatchId:3046237;OriginalHitTemplateId:920937332;","600","259200","Sat Dec 16 16:36:45 PST 2017","","","308Q0PEVB9JBA0WKM4DFD9S4JCT9IA","ARSSBGI0JI00S","Approved","Tue Dec 12 16:57:45 PST 2017","Tue Dec 12 16:58:05 PST 2017","Fri Dec 15 16:58:05 PST 2017","Wed Dec 13 21:23:47 PST 2017","","","20","100% (1/1)","100% (1/1)","100% (1/1)","Smarthome","Dropbox","Yes","Yes"
"3ATYLI1PRT87PEM3G9CWXG760Q5OJB","3AKZZJBHGQ4ZLVJKRV2ZFVM3OA3EB0","Answer a short survey about an app to manage your 'smart' devices","Give us your opinion about our user interface for an unreleased system for managing your Internet of things devices and the data generated by them","survey, iot, data, privacy, mobile, app","$0.15","Tue Dec 12 16:36:45 PST 2017","100","BatchId:3046237;OriginalHitTemplateId:920937332;","600","259200","Sat Dec 16 16:36:45 PST 2017","","","30BXRYBRP53MQ1Y89X5MRHZ0H01HWH","AS0M9S5W52N4M","Approved","Tue Dec 12 17:11:56 PST 2017","Tue Dec 12 17:12:43 PST 2017","Fri Dec 15 17:12:43 PST 2017","Wed Dec 13 21:23:48 PST 2017","","","47","100% (1/1)","100% (1/1)","100% (1/1)","Google photos","Nest","Yes","Does not change my willingness to share the data"
"3ATYLI1PRT87PEM3G9CWXG760Q5OJB","3AKZZJBHGQ4ZLVJKRV2ZFVM3OA3EB0","Answer a short survey about an app to manage your 'smart' devices","Give us your opinion about our user interface for an unreleased system for managing your Internet of things devices and the data generated by them","survey, iot, data, privacy, mobile, app","$0.15","Tue Dec 12 16:36:45 PST 2017","100","BatchId:3046237;OriginalHitTemplateId:920937332;","600","259200","Sat Dec 16 16:36:45 PST 2017","","","3X0H8UUIT2UBGACOKRHLVV62QBKWSJ","AYLAJHJXMPIBM","Approved","Tue Dec 12 17:27:58 PST 2017","Tue Dec 12 17:28:22 PST 2017","Fri Dec 15 17:28:22 PST 2017","Wed Dec 13 21:23:54 PST 2017","","","24","100% (1/1)","100% (1/1)","100% (1/1)","Google photos","Google Drive","Yes","Yes"